profile_code,orientation,hour,cltd_k,source,note
SL-8N-DEFAULT,N,1,12.1,Sri Lanka adjusted note p.2,
SL-8N-DEFAULT,N,2,10.1,Sri Lanka adjusted note p.2,
SL-8N-DEFAULT,N,3,9.1,Sri Lanka adjusted note p.2,
SL-8N-DEFAULT,N,4,8.1,Sri Lanka adjusted note p.2,
SL-8N-DEFAULT,N,5,7.1,Sri Lanka adjusted note p.2,
SL-8N-DEFAULT,N,6,6.1,Sri Lanka adjusted note p.2,
SL-8N-DEFAULT,N,7,6.1,Sri Lanka adjusted note p.2,
SL-8N-DEFAULT,N,8,7.1,Sri Lanka adjusted note p.2,
SL-8N-DEFAULT,N,9,8.1,Sri Lanka adjusted note p.2,
SL-8N-DEFAULT,N,10,9.1,Sri Lanka adjusted note p.2,
SL-8N-DEFAULT,N,11,10.1,Sri Lanka adjusted note p.2,
SL-8N-DEFAULT,N,12,12.1,Sri Lanka adjusted note p.2,
SL-8N-DEFAULT,N,13,13.1,Sri Lanka adjusted note p.2,
SL-8N-DEFAULT,N,14,15.1,Sri Lanka adjusted note p.2,
SL-8N-DEFAULT,N,15,17.1,Sri Lanka adjusted note p.2,
SL-8N-DEFAULT,N,16,18.1,Sri Lanka adjusted note p.2,
SL-8N-DEFAULT,N,17,19.1,Sri Lanka adjusted note p.2,
SL-8N-DEFAULT,N,18,20.1,Sri Lanka adjusted note p.2,
SL-8N-DEFAULT,N,19,21.1,Sri Lanka adjusted note p.2,
SL-8N-DEFAULT,N,20,21.1,Sri Lanka adjusted note p.2,
SL-8N-DEFAULT,N,21,20.1,Sri Lanka adjusted note p.2,
SL-8N-DEFAULT,N,22,18.1,Sri Lanka adjusted note p.2,
SL-8N-DEFAULT,N,23,17.1,Sri Lanka adjusted note p.2,
SL-8N-DEFAULT,N,24,14.1,Sri Lanka adjusted note p.2,
SL-8N-DEFAULT,NE,1,9.322222,Sri Lanka adjusted note p.2,
SL-8N-DEFAULT,NE,2,7.322222,Sri Lanka adjusted note p.2,
SL-8N-DEFAULT,NE,3,6.322222,Sri Lanka adjusted note p.2,
SL-8N-DEFAULT,NE,4,5.322222,Sri Lanka adjusted note p.2,
SL-8N-DEFAULT,NE,5,4.322222,Sri Lanka adjusted note p.2,
SL-8N-DEFAULT,NE,6,3.322222,Sri Lanka adjusted note p.2,
SL-8N-DEFAULT,NE,7,3.322222,Sri Lanka adjusted note p.2,
SL-8N-DEFAULT,NE,8,5.322222,Sri Lanka adjusted note p.2,
SL-8N-DEFAULT,NE,9,10.32222,Sri Lanka adjusted note p.2,
SL-8N-DEFAULT,NE,10,15.32222,Sri Lanka adjusted note p.2,
SL-8N-DEFAULT,NE,11,19.32222,Sri Lanka adjusted note p.2,
SL-8N-DEFAULT,NE,12,21.32222,Sri Lanka adjusted note p.2,
SL-8N-DEFAULT,NE,13,21.32222,Sri Lanka adjusted note p.2,
SL-8N-DEFAULT,NE,14,21.32222,Sri Lanka adjusted note p.2,
SL-8N-DEFAULT,NE,15,20.32222,Sri Lanka adjusted note p.2,
SL-8N-DEFAULT,NE,16,20.32222,Sri Lanka adjusted note p.2,
SL-8N-DEFAULT,NE,17,20.32222,Sri Lanka adjusted note p.2,
SL-8N-DEFAULT,NE,18,19.32222,Sri Lanka adjusted note p.2,
SL-8N-DEFAULT,NE,19,19.32222,Sri Lanka adjusted note p.2,
SL-8N-DEFAULT,NE,20,17.32222,Sri Lanka adjusted note p.2,
SL-8N-DEFAULT,NE,21,16.32222,Sri Lanka adjusted note p.2,
SL-8N-DEFAULT,NE,22,14.32222,Sri Lanka adjusted note p.2,
SL-8N-DEFAULT,NE,23,12.32222,Sri Lanka adjusted note p.2,
SL-8N-DEFAULT,NE,24,10.32222,Sri Lanka adjusted note p.2,
SL-8N-DEFAULT,E,1,5.988889,Sri Lanka adjusted note p.2,
SL-8N-DEFAULT,E,2,3.988889,Sri Lanka adjusted note p.2,
SL-8N-DEFAULT,E,3,2.988889,Sri Lanka adjusted note p.2,
SL-8N-DEFAULT,E,4,1.988889,Sri Lanka adjusted note p.2,
SL-8N-DEFAULT,E,5,0.988889,Sri Lanka adjusted note p.2,
SL-8N-DEFAULT,E,6,0.988889,Sri Lanka adjusted note p.2,
SL-8N-DEFAULT,E,7,0.988889,Sri Lanka adjusted note p.2,
SL-8N-DEFAULT,E,8,2.988889,Sri Lanka adjusted note p.2,
SL-8N-DEFAULT,E,9,7.988889,Sri Lanka adjusted note p.2,
SL-8N-DEFAULT,E,10,14.98889,Sri Lanka adjusted note p.2,
SL-8N-DEFAULT,E,11,20.98889,Sri Lanka adjusted note p.2,
SL-8N-DEFAULT,E,12,24.98889,Sri Lanka adjusted note p.2,
SL-8N-DEFAULT,E,13,26.98889,Sri Lanka adjusted note p.2,
SL-8N-DEFAULT,E,14,25.98889,Sri Lanka adjusted note p.2,
SL-8N-DEFAULT,E,15,23.98889,Sri Lanka adjusted note p.2,
SL-8N-DEFAULT,E,16,21.98889,Sri Lanka adjusted note p.2,
SL-8N-DEFAULT,E,17,20.98889,Sri Lanka adjusted note p.2,
SL-8N-DEFAULT,E,18,18.98889,Sri Lanka adjusted note p.2,
SL-8N-DEFAULT,E,19,17.98889,Sri Lanka adjusted note p.2,
SL-8N-DEFAULT,E,20,15.98889,Sri Lanka adjusted note p.2,
SL-8N-DEFAULT,E,21,13.98889,Sri Lanka adjusted note p.2,
SL-8N-DEFAULT,E,22,11.98889,Sri Lanka adjusted note p.2,
SL-8N-DEFAULT,E,23,8.988889,Sri Lanka adjusted note p.2,
SL-8N-DEFAULT,E,24,7.988889,Sri Lanka adjusted note p.2,
SL-8N-DEFAULT,SE,1,2.655556,Sri Lanka adjusted note p.2,
SL-8N-DEFAULT,SE,2,0.655556,Sri Lanka adjusted note p.2,
SL-8N-DEFAULT,SE,3,-0.34444,Sri Lanka adjusted note p.2,
SL-8N-DEFAULT,SE,4,-1.34444,Sri Lanka adjusted note p.2,
SL-8N-DEFAULT,SE,5,-2.34444,Sri Lanka adjusted note p.2,
SL-8N-DEFAULT,SE,6,-2.34444,Sri Lanka adjusted note p.2,
SL-8N-DEFAULT,SE,7,-3.34444,Sri Lanka adjusted note p.2,
SL-8N-DEFAULT,SE,8,-2.34444,Sri Lanka adjusted note p.2,
SL-8N-DEFAULT,SE,9,0.655556,Sri Lanka adjusted note p.2,
SL-8N-DEFAULT,SE,10,5.655556,Sri Lanka adjusted note p.2,
SL-8N-DEFAULT,SE,11,11.65556,Sri Lanka adjusted note p.2,
SL-8N-DEFAULT,SE,12,16.65556,Sri Lanka adjusted note p.2,
SL-8N-DEFAULT,SE,13,20.65556,Sri Lanka adjusted note p.2,
SL-8N-DEFAULT,SE,14,22.65556,Sri Lanka adjusted note p.2,
SL-8N-DEFAULT,SE,15,22.65556,Sri Lanka adjusted note p.2,
SL-8N-DEFAULT,SE,16,20.65556,Sri Lanka adjusted note p.2,
SL-8N-DEFAULT,SE,17,19.65556,Sri Lanka adjusted note p.2,
SL-8N-DEFAULT,SE,18,17.65556,Sri Lanka adjusted note p.2,
SL-8N-DEFAULT,SE,19,15.65556,Sri Lanka adjusted note p.2,
SL-8N-DEFAULT,SE,20,13.65556,Sri Lanka adjusted note p.2,
SL-8N-DEFAULT,SE,21,10.65556,Sri Lanka adjusted note p.2,
SL-8N-DEFAULT,SE,22,8.655556,Sri Lanka adjusted note p.2,
SL-8N-DEFAULT,SE,23,6.655556,Sri Lanka adjusted note p.2,
SL-8N-DEFAULT,SE,24,4.655556,Sri Lanka adjusted note p.2,
SL-8N-DEFAULT,S,1,3.211111,Sri Lanka adjusted note p.2,
SL-8N-DEFAULT,S,2,1.211111,Sri Lanka adjusted note p.2,
SL-8N-DEFAULT,S,3,0.211111,Sri Lanka adjusted note p.2,
SL-8N-DEFAULT,S,4,-0.78889,Sri Lanka adjusted note p.2,
SL-8N-DEFAULT,S,5,-1.78889,Sri Lanka adjusted note p.2,
SL-8N-DEFAULT,S,6,-1.78889,Sri Lanka adjusted note p.2,
SL-8N-DEFAULT,S,7,-2.78889,Sri Lanka adjusted note p.2,
SL-8N-DEFAULT,S,8,-1.78889,Sri Lanka adjusted note p.2,
SL-8N-DEFAULT,S,9,-2.78889,Sri Lanka adjusted note p.2,
SL-8N-DEFAULT,S,10,-1.78889,Sri Lanka adjusted note p.2,
SL-8N-DEFAULT,S,11,0.211111,Sri Lanka adjusted note p.2,
SL-8N-DEFAULT,S,12,4.211111,Sri Lanka adjusted note p.2,
SL-8N-DEFAULT,S,13,8.211111,Sri Lanka adjusted note p.2,
SL-8N-DEFAULT,S,14,13.21111,Sri Lanka adjusted note p.2,
SL-8N-DEFAULT,S,15,16.21111,Sri Lanka adjusted note p.2,
SL-8N-DEFAULT,S,16,20.21111,Sri Lanka adjusted note p.2,
SL-8N-DEFAULT,S,17,21.21111,Sri Lanka adjusted note p.2,
SL-8N-DEFAULT,S,18,20.21111,Sri Lanka adjusted note p.2,
SL-8N-DEFAULT,S,19,19.21111,Sri Lanka adjusted note p.2,
SL-8N-DEFAULT,S,20,16.21111,Sri Lanka adjusted note p.2,
SL-8N-DEFAULT,S,21,14.21111,Sri Lanka adjusted note p.2,
SL-8N-DEFAULT,S,22,10.21111,Sri Lanka adjusted note p.2,
SL-8N-DEFAULT,S,23,8.211111,Sri Lanka adjusted note p.2,
SL-8N-DEFAULT,S,24,5.211111,Sri Lanka adjusted note p.2,
SL-8N-DEFAULT,SW,1,6.655556,Sri Lanka adjusted note p.2,
SL-8N-DEFAULT,SW,2,3.655556,Sri Lanka adjusted note p.2,
SL-8N-DEFAULT,SW,3,1.655556,Sri Lanka adjusted note p.2,
SL-8N-DEFAULT,SW,4,-0.34444,Sri Lanka adjusted note p.2,
SL-8N-DEFAULT,SW,5,-1.34444,Sri Lanka adjusted note p.2,
SL-8N-DEFAULT,SW,6,-2.34444,Sri Lanka adjusted note p.2,
SL-8N-DEFAULT,SW,7,-3.34444,Sri Lanka adjusted note p.2,
SL-8N-DEFAULT,SW,8,-3.34444,Sri Lanka adjusted note p.2,
SL-8N-DEFAULT,SW,9,-3.34444,Sri Lanka adjusted note p.2,
SL-8N-DEFAULT,SW,10,-2.34444,Sri Lanka adjusted note p.2,
SL-8N-DEFAULT,SW,11,-0.34444,Sri Lanka adjusted note p.2,
SL-8N-DEFAULT,SW,12,0.655556,Sri Lanka adjusted note p.2,
SL-8N-DEFAULT,SW,13,3.655556,Sri Lanka adjusted note p.2,
SL-8N-DEFAULT,SW,14,6.655556,Sri Lanka adjusted note p.2,
SL-8N-DEFAULT,SW,15,11.65556,Sri Lanka adjusted note p.2,
SL-8N-DEFAULT,SW,16,16.65556,Sri Lanka adjusted note p.2,
SL-8N-DEFAULT,SW,17,22.65556,Sri Lanka adjusted note p.2,
SL-8N-DEFAULT,SW,18,25.65556,Sri Lanka adjusted note p.2,
SL-8N-DEFAULT,SW,19,28.65556,Sri Lanka adjusted note p.2,
SL-8N-DEFAULT,SW,20,28.65556,Sri Lanka adjusted note p.2,
SL-8N-DEFAULT,SW,21,24.65556,Sri Lanka adjusted note p.2,
SL-8N-DEFAULT,SW,22,19.65556,Sri Lanka adjusted note p.2,
SL-8N-DEFAULT,SW,23,14.65556,Sri Lanka adjusted note p.2,
SL-8N-DEFAULT,SW,24,10.65556,Sri Lanka adjusted note p.2,
SL-8N-DEFAULT,W,1,11.98889,Sri Lanka adjusted note p.2,
SL-8N-DEFAULT,W,2,7.988889,Sri Lanka adjusted note p.2,
SL-8N-DEFAULT,W,3,5.988889,Sri Lanka adjusted note p.2,
SL-8N-DEFAULT,W,4,3.988889,Sri Lanka adjusted note p.2,
SL-8N-DEFAULT,W,5,1.988889,Sri Lanka adjusted note p.2,
SL-8N-DEFAULT,W,6,0.988889,Sri Lanka adjusted note p.2,
SL-8N-DEFAULT,W,7,0.988889,Sri Lanka adjusted note p.2,
SL-8N-DEFAULT,W,8,-0.01111,Sri Lanka adjusted note p.2,
SL-8N-DEFAULT,W,9,0.988889,Sri Lanka adjusted note p.2,
SL-8N-DEFAULT,W,10,0.988889,Sri Lanka adjusted note p.2,
SL-8N-DEFAULT,W,11,2.988889,Sri Lanka adjusted note p.2,
SL-8N-DEFAULT,W,12,3.988889,Sri Lanka adjusted note p.2,
SL-8N-DEFAULT,W,13,5.988889,Sri Lanka adjusted note p.2,
SL-8N-DEFAULT,W,14,7.988889,Sri Lanka adjusted note p.2,
SL-8N-DEFAULT,W,15,11.98889,Sri Lanka adjusted note p.2,
SL-8N-DEFAULT,W,16,16.98889,Sri Lanka adjusted note p.2,
SL-8N-DEFAULT,W,17,21.98889,Sri Lanka adjusted note p.2,
SL-8N-DEFAULT,W,18,27.98889,Sri Lanka adjusted note p.2,
SL-8N-DEFAULT,W,19,2.988889,Sri Lanka adjusted note p.2,Preserved exactly from supplied table; verify source anomaly.
SL-8N-DEFAULT,W,20,35.98889,Sri Lanka adjusted note p.2,
SL-8N-DEFAULT,W,21,32.98889,Sri Lanka adjusted note p.2,
SL-8N-DEFAULT,W,22,27.98889,Sri Lanka adjusted note p.2,
SL-8N-DEFAULT,W,23,21.98889,Sri Lanka adjusted note p.2,
SL-8N-DEFAULT,W,24,16.98889,Sri Lanka adjusted note p.2,
SL-8N-DEFAULT,NW,1,13.32222,Sri Lanka adjusted note p.2,
SL-8N-DEFAULT,NW,2,10.32222,Sri Lanka adjusted note p.2,
SL-8N-DEFAULT,NW,3,8.322222,Sri Lanka adjusted note p.2,
SL-8N-DEFAULT,NW,4,6.322222,Sri Lanka adjusted note p.2,
SL-8N-DEFAULT,NW,5,5.322222,Sri Lanka adjusted note p.2,
SL-8N-DEFAULT,NW,6,4.322222,Sri Lanka adjusted note p.2,
SL-8N-DEFAULT,NW,7,3.322222,Sri Lanka adjusted note p.2,
SL-8N-DEFAULT,NW,8,3.322222,Sri Lanka adjusted note p.2,
SL-8N-DEFAULT,NW,9,3.322222,Sri Lanka adjusted note p.2,
SL-8N-DEFAULT,NW,10,4.322222,Sri Lanka adjusted note p.2,
SL-8N-DEFAULT,NW,11,5.322222,Sri Lanka adjusted note p.2,
SL-8N-DEFAULT,NW,12,7.322222,Sri Lanka adjusted note p.2,
SL-8N-DEFAULT,NW,13,9.322222,Sri Lanka adjusted note p.2,
SL-8N-DEFAULT,NW,14,11.32222,Sri Lanka adjusted note p.2,
SL-8N-DEFAULT,NW,15,14.32222,Sri Lanka adjusted note p.2,
SL-8N-DEFAULT,NW,16,16.32222,Sri Lanka adjusted note p.2,
SL-8N-DEFAULT,NW,17,20.32222,Sri Lanka adjusted note p.2,
SL-8N-DEFAULT,NW,18,24.32222,Sri Lanka adjusted note p.2,
SL-8N-DEFAULT,NW,19,28.32222,Sri Lanka adjusted note p.2,
SL-8N-DEFAULT,NW,20,30.32222,Sri Lanka adjusted note p.2,
SL-8N-DEFAULT,NW,21,30.32222,Sri Lanka adjusted note p.2,
SL-8N-DEFAULT,NW,22,26.32222,Sri Lanka adjusted note p.2,
SL-8N-DEFAULT,NW,23,21.32222,Sri Lanka adjusted note p.2,
SL-8N-DEFAULT,NW,24,17.32222,Sri Lanka adjusted note p.2,
